DATASET,VARIANT1,VARIANT2,VARIANT3,VARIANT4,VARIANT5
786_0,0.659696,0.636882,0.671103,0.622624,0.600760
A498,0.658046,0.637931,0.667625,0.641762,0.636015
A549_ATCC,0.596429,0.547321,0.592857,0.592857,0.608036
ACHN,0.644004,0.659112,0.652502,0.654391,0.666667
BT_549,0.617047,0.649460,0.679472,0.626651,0.650660
CAKI_1,0.645251,0.669460,0.645251,0.658287,0.643389
CCRF_CEM,0.685824,0.695402,0.681992,0.639847,0.688697
COLO_205,0.666057,0.649588,0.652333,0.646844,0.673376
DLD_1,0.691257,0.691257,0.691257,0.691257,0.691257
DMS_114,0.756032,0.753351,0.756032,0.745308,0.756032
DMS_273,0.669492,0.680791,0.680791,0.680791,0.680791
DU_145,0.650057,0.684032,0.634202,0.638732,0.646659
EKVX,0.611413,0.650362,0.616848,0.611413,0.651268
HCC_2998,0.621196,0.551941,0.601259,0.632739,0.591815
HCT_116,0.689346,0.668756,0.663384,0.668756,0.640107
HCT_15,0.613941,0.600536,0.617516,0.597855,0.640751
HL_60_TB,0.705709,0.700787,0.675197,0.695866,0.677165
HOP_18,0.724359,0.724359,0.724359,0.724359,0.724359
HOP_62,0.630515,0.625919,0.592831,0.623162,0.658088
HOP_92,0.662226,0.621313,0.651760,0.650809,0.607041
HS_578T,0.621370,0.638792,0.593496,0.583043,0.644599
HT29,0.672956,0.668464,0.674753,0.644205,0.661276
IGROV1,0.649503,0.646793,0.654923,0.658537,0.664860
K_562,0.637788,0.647926,0.651613,0.654378,0.644240
KM12,0.657066,0.654365,0.666967,0.661566,0.638164
KM20L2,0.719008,0.696970,0.719008,0.719008,0.719008
LOX_IMVI,0.677151,0.676226,0.641998,0.666050,0.622572
LXFL_529,0.648649,0.656371,0.648649,0.648649,0.648649
M14,0.644131,0.602817,0.625352,0.551174,0.625352
M19_MEL,0.700000,0.700000,0.700000,0.700000,0.689189
MALME_3M,0.649240,0.647338,0.637833,0.657795,0.662548
MCF7,0.637061,0.622807,0.664474,0.567982,0.591009
MDA_MB_231_ATCC,0.653846,0.626697,0.626697,0.645928,0.640271
MDA_MB_435,0.644295,0.662192,0.627517,0.649888,0.668904
MDA_N,0.569820,0.640766,0.628378,0.632883,0.579955
MOLT_4,0.671698,0.690566,0.650943,0.668868,0.684906
NCI_ADR_RES,0.642015,0.621651,0.661308,0.648446,0.648446
NCI_H226,0.641001,0.652551,0.583253,0.610202,0.617902
NCI_H23,0.620072,0.656810,0.611111,0.674731,0.681900
NCI_H322M,0.640470,0.524842,0.571816,0.611563,0.638663
NCI_H460,0.651852,0.653704,0.653704,0.680556,0.633333
NCI_H522,0.650187,0.638993,0.680970,0.676306,0.681903
OVCAR_3,0.670280,0.644083,0.655827,0.601626,0.596206
OVCAR_4,0.601490,0.618250,0.641527,0.604283,0.553073
OVCAR_5,0.622162,0.609446,0.589464,0.612171,0.605813
OVCAR_8,0.636445,0.631059,0.602334,0.638241,0.642729
P388_AB,0.935252,0.935252,0.935252,0.935252,0.935252
P388_ADR,0.919118,0.911765,0.919118,0.919118,0.919118
PC_3,0.654362,0.633110,0.592841,0.635347,0.634228
RPMI_8226,0.632367,0.675398,0.670720,0.676333,0.682881
RXF_393,0.672549,0.660784,0.651961,0.659804,0.637255
RXF_631,0.658291,0.618090,0.658291,0.658291,0.658291
SF_268,0.669355,0.662186,0.626344,0.660394,0.625448
SF_295,0.658949,0.674087,0.639359,0.648264,0.674978
SF_539,0.627586,0.615764,0.638424,0.641379,0.648276
SK_MEL_2,0.628704,0.655556,0.564815,0.642593,0.642593
SK_MEL_28,0.626679,0.627574,0.627574,0.626679,0.625783
SK_MEL_5,0.622624,0.657014,0.639819,0.657014,0.662443
SK_OV_3,0.602284,0.596575,0.600381,0.584206,0.607992
SN12C,0.653080,0.657609,0.536232,0.625000,0.673007
SN12K1,0.871429,0.871429,0.871429,0.871429,0.871429
SNB_19,0.662489,0.666070,0.606088,0.651746,0.611459
SNB_75,0.656160,0.703916,0.653295,0.648520,0.675263
SNB_78,0.707386,0.707386,0.707386,0.707386,0.707386
SR,0.657428,0.668514,0.646341,0.679601,0.699557
SW_620,0.500000,0.656306,0.569272,0.624334,0.658970
T_47D,0.695304,0.647194,0.690722,0.675830,0.636884
TK_10,0.626552,0.636103,0.606495,0.629417,0.639924
U251,0.634991,0.664298,0.652753,0.676732,0.630551
UACC_257,0.649457,0.613225,0.578804,0.601449,0.662138
UACC_62,0.637104,0.637104,0.608145,0.644344,0.632579
UO_31,0.642066,0.612546,0.583026,0.621771,0.641144
XF_498,0.707317,0.707317,0.707317,0.707317,0.707317
